id	longitude	latitude	region
E69	-104.16	37.34	1
E70	-104.16	37.34	1
E82	-104.16	37.34	1
E84	-104.16	37.34	1
E92	-104.16	37.34	1
E94	-104.16	37.34	1
F10	-104.16	37.34	1
F19	-104.16	37.34	1
F20	-104.16	37.34	1
F21	-104.16	37.34	1
F22	-104.16	37.34	1
F9	-104.16	37.34	1
E59	-114.64	35.12	2
E60	-114.64	35.12	2
E65	-114.64	35.12	2
E67	-114.64	35.12	2
E68	-114.64	35.12	2
E77	-114.64	35.12	2
E78	-114.64	35.12	2
F15	-114.64	35.12	2
F16	-114.64	35.12	2
F17	-114.64	35.12	2
F18	-114.64	35.12	2
F23	-114.64	35.12	2
F24	-114.64	35.12	2
F4	-114.64	35.12	2
F5	-114.64	35.12	2
H65_rep	-103.48	31.49	1
H66_rep	-103.48	31.49	1
E1	-108.18	44.86	1
E13	-108.18	44.86	1
E15_rep	-108.18	44.86	1
E25	-108.18	44.86	1
E26	-108.18	44.86	1
E27	-108.18	44.86	1
E28	-108.18	44.86	1
E3	-108.18	44.86	1
E35	-108.18	44.86	1
E36	-108.18	44.86	1
E37	-108.18	44.86	1
E38	-108.18	44.86	1
E4	-108.18	44.86	1
E47	-108.18	44.86	1
E48	-108.18	44.86	1
E49	-108.18	44.86	1
E50	-108.18	44.86	1
F91	-103.69	35.19	1
G17_rep	-103.69	35.19	1
G18_rep	-103.69	35.19	1
G7_rep	-103.69	35.19	1
G8_rep	-103.69	35.19	1
H8_rep	-103.69	35.19	1
G89	-104.61	38.34	1
G90	-104.61	38.34	1
G92	-104.61	38.34	1
H13	-104.61	38.34	1
H14	-104.61	38.34	1
H15	-104.61	38.34	1
H16	-104.61	38.34	1
H29	-104.61	38.34	1
H30	-104.61	38.34	1
H31	-104.61	38.34	1
H32	-104.61	38.34	1
H4	-104.61	38.34	1
H43	-104.61	38.34	1
H44	-104.61	38.34	1
H45	-104.61	38.34	1
H46	-104.61	38.34	1
H5	-104.61	38.34	1
H6	-104.61	38.34	1
H7	-104.61	38.34	1
E95	-114.26	36.69	2
F1	-114.26	36.69	2
F11	-114.26	36.69	2
F12	-114.26	36.69	2
F13	-114.26	36.69	2
F14	-114.26	36.69	2
F2	-114.26	36.69	2
E10	-113.58	37.07	2
E11	-113.58	37.07	2
E12	-113.58	37.07	2
E21	-113.58	37.07	2
E22	-113.58	37.07	2
E23	-113.58	37.07	2
E24_rep	-113.58	37.07	2
E31	-113.58	37.07	2
E32	-113.58	37.07	2
E33	-113.58	37.07	2
E34	-113.58	37.07	2
E43	-113.58	37.07	2
E44	-113.58	37.07	2
E45	-113.58	37.07	2
E46	-113.58	37.07	2
E55	-113.58	37.07	2
E56	-113.58	37.07	2
E57	-113.58	37.07	2
E58	-113.58	37.07	2
E9	-113.58	37.07	2
E61	-114.4	36.38	2
E62	-114.4	36.38	2
E63	-114.4	36.38	2
E64	-114.4	36.38	2
E75	-114.4	36.38	2
E76	-114.4	36.38	2
E85	-114.4	36.38	2
E86	-114.4	36.38	2
E87	-114.4	36.38	2
E17	-112.93	39.23	2
E18	-112.93	39.23	2
E19	-112.93	39.23	2
E20	-112.93	39.23	2
E39	-112.93	39.23	2
E40	-112.93	39.23	2
E41	-112.93	39.23	2
E42	-112.93	39.23	2
E5	-112.93	39.23	2
E51	-112.93	39.23	2
E52	-112.93	39.23	2
E53	-112.93	39.23	2
E54	-112.93	39.23	2
E7	-112.93	39.23	2
E8	-112.93	39.23	2
E90	-112.93	39.23	2
H37	-103.25	38.26	1
H38	-103.25	38.26	1
H39	-103.25	38.26	1
H40	-103.25	38.26	1
H51	-103.25	38.26	1
H52	-103.25	38.26	1
H53	-103.25	38.26	1
H54	-103.25	38.26	1
H59	-103.25	38.26	1
H60	-103.25	38.26	1
H62	-103.25	38.26	1
F25	-103.42	37.7	1
F26	-103.42	37.7	1
F27	-103.42	37.7	1
F28	-103.42	37.7	1
F37	-103.42	37.7	1
F38	-103.42	37.7	1
F39	-103.42	37.7	1
F49	-103.42	37.7	1
F50	-103.42	37.7	1
F51	-103.42	37.7	1
F52	-103.42	37.7	1
F59	-103.42	37.7	1
F60	-103.42	37.7	1
F61	-103.42	37.7	1
F62	-103.42	37.7	1
F71	-103.42	37.7	1
F72	-103.42	37.7	1
F73	-103.42	37.7	1
F74	-103.42	37.7	1
G47_rep	-101.08	37.99	1
